<?xml version="1.0" encoding="UTF-8"?>
<!DOCTYPE config PUBLIC "-//PE//DTD BEAN//EN" "http://www.csii.com.cn/dtd/pe-config.dtd">

<config>
	<!-- =============================================================== -->
	<!-- core definition, include controller, chains, templates, actions -->
	<!-- =============================================================== -->
	
	<!-- CoreController  -->
	<coreController id="coreController" class="com.csii.pe.core.CoreControllerImpl" />

	<!-- Chains  -->

	<chain id="defaultChain">
		<commands>			
			<ref>delegateCommand</ref>
		</commands>
	</chain>
	
	 <chain id="chainForGeneralTrs">
		<commands>
			<ref>styleValidationCommand</ref>
			<ref>delegateCommand</ref>									
		</commands>
	</chain>
	
	<!-- Templates  -->
    <template id="emptytemplate" class="com.csii.pe.template.EmptyTemplate" chain="defaultChain"></template>


    <template id="DynamicSequenceTemplate" class="com.csii.pe.template.ExecutableSequenceTemplate" chain="chainForGeneralTrs">
	</template>


    <template id="sequenceTemplateOneAction" class="com.csii.pe.template.ExecutableSequenceTemplate" chain="chainForGeneralTrs">
		<actions>
			<ref name="act01">Placeholder</ref>			
		</actions>
	</template>
	
    <template id="queryTemplate" class="com.csii.pe.template.ExecutableSequenceTemplate" chain="chainForGeneralTrs">
		<actions>
			<ref name="action">Placeholder</ref>			
		</actions>
	</template>
	

	
	
   <action id="Placeholder" class="com.csii.pe.action.PlaceholderAction" />
	

	<!-- Commands of chains  -->
	
	<command id="delegateCommand" class="com.csii.pe.chain.command.DelegateCommand" />
	
	<command id="styleValidationCommand" class="com.csii.pe.chain.command.StyleValidationCommand" />

	<!-- ======================= -->
	<!-- validations definitions -->
	<!-- ======================= -->
	
	<!-- validation aware for system -->
	
	<bean id="_validationAwareProcessor" class="com.csii.pe.config.support.GeneralAwareProcessor">
		<map name="validators">
			<ref name="option">optionValidator</ref>
			<ref name="range">rangeValidator</ref>
			<ref name="length">lengthValidator</ref>
			<ref name="pattern">patternValidator</ref>
			<ref name="type">typeValidator</ref>
		</map>
	</bean>
	
	<!-- Validators -->
	<validator id="optionValidator" class="com.csii.pe.validation.style.support.Required">
		<param name="messageKey">validation.required</param>
	</validator>
	<validator id="rangeValidator" class="com.csii.pe.validation.style.support.Range">
		<param name="messageKey">validation.range</param>
		<ref name="converters">converterClassRegistry</ref>
	</validator>
	<validator id="lengthValidator" class="com.csii.pe.validation.style.support.Length">
		<param name="messageKey">validation.length</param>
	</validator>
	<validator id="patternValidator" class="com.csii.pe.validation.style.support.RegexPattern">
		<param name="messageKey">validation.pattern</param>
	</validator>
	<validator id="typeValidator" class="com.csii.pe.validation.style.support.TypeConvert">
		<ref name="converters">converterAliasRegistry</ref>
		<param name="messageKey">validation.type</param>
	</validator>

	<!-- ================================================================================= -->
	<!-- converters definitions, converter used in validation, use cound use it anywhere.  -->
	<!-- ================================================================================= -->
	
	<!-- Converters Alias Mapping -->
	<sharedMap id="converterAliasRegistry">
		<map name="sourceMap">
			<ref name="decimal">decimalConverter</ref>
			<ref name="integer">integerConverter</ref>
			<ref name="date">dateConverter</ref>
			<ref name="time">timeConverter</ref>
			<ref name="timestamp">timestampConverter</ref>

			<ref name="boolean">booleanConverter</ref>
			<ref name="byte">byteConverter</ref>
			<ref name="char">charConverter</ref>
			<ref name="double">doubleConverter</ref>
			<ref name="float">floatConverter</ref>
			<ref name="int">intConverter</ref>
			<ref name="long">longConverter</ref>
			<ref name="short">shortConverter</ref>
			<ref name="string">stringConverter</ref>

			<ref name="boolean[]">booleanArrayConverter</ref>
			<ref name="byte[]">byteArrayConverter</ref>
			<ref name="char[]">charArrayConverter</ref>
			<ref name="double[]">doubleArrayConverter</ref>
			<ref name="float[]">floatArrayConverter</ref>
			<ref name="int[]">intArrayConverter</ref>
			<ref name="long[]">longArrayConverter</ref>
			<ref name="short[]">shortArrayConverter</ref>
			<ref name="string[]">stringArrayConverter</ref>
		</map>
	</sharedMap>
	
	<!-- Converters Class Mapping -->
	<bean id="converterClassRegistry" class="com.csii.pe.validation.convert.ConverterRegister">
		<list name="converters">
			<ref>decimalConverter</ref>
			<ref>integerConverter</ref>
			<ref>dateConverter</ref>
			<ref>timeConverter</ref>
			<ref>timestampConverter</ref>

			<ref>booleanConverter</ref>
			<ref>byteConverter</ref>
			<ref>charConverter</ref>
			<ref>doubleConverter</ref>
			<ref>floatConverter</ref>
			<ref>intConverter</ref>
			<ref>longConverter</ref>
			<ref>shortConverter</ref>
			<ref>stringConverter</ref>

			<ref>booleanArrayConverter</ref>
			<ref>byteArrayConverter</ref>
			<ref>charArrayConverter</ref>
			<ref>doubleArrayConverter</ref>
			<ref>floatArrayConverter</ref>
			<ref>intArrayConverter</ref>
			<ref>longArrayConverter</ref>
			<ref>shortArrayConverter</ref>
			<ref>stringArrayConverter</ref>
		</list>
	</bean>

	<converter id="decimalConverter" class="com.csii.pe.validation.convert.impl.BigDecimalConverter">
		<param name="format">#,###.##</param>
	</converter>
	<converter id="integerConverter" class="com.csii.pe.validation.convert.impl.BigIntegerConverter">
		<param name="format">#,###</param>
	</converter>

	<converter id="dateConverter" class="com.csii.pe.validation.convert.impl.SqlDateConverter">
		<param name="format">yyyyMMdd</param>
	</converter>
	<converter id="timeConverter" class="com.csii.pe.validation.convert.impl.SqlTimeConverter">
		<param name="format">HH:mm:ss</param>
	</converter>
	<converter id="timestampConverter" class="com.csii.pe.validation.convert.impl.SqlTimestampConverter">
		<param name="format">yyyy-MM-dd HH:mm:ss</param>
	</converter>

	<converter id="booleanConverter" class="com.csii.pe.validation.convert.impl.BooleanConverter"/>
	<converter id="byteConverter" class="com.csii.pe.validation.convert.impl.ByteConverter"/>
	<converter id="charConverter" class="com.csii.pe.validation.convert.impl.CharacterConverter"/>
	<converter id="doubleConverter" class="com.csii.pe.validation.convert.impl.DoubleConverter"/>
	<converter id="floatConverter" class="com.csii.pe.validation.convert.impl.FloatConverter"/>
	<converter id="intConverter" class="com.csii.pe.validation.convert.impl.IntegerConverter"/>
	<converter id="longConverter" class="com.csii.pe.validation.convert.impl.LongConverter"/>
	<converter id="shortConverter" class="com.csii.pe.validation.convert.impl.ShortConverter"/>
	<converter id="stringConverter" class="com.csii.pe.validation.convert.impl.StringConverter"/>

	<converter id="booleanArrayConverter" class="com.csii.pe.validation.convert.impl.BooleanArrayConverter"/>
	<converter id="byteArrayConverter" class="com.csii.pe.validation.convert.impl.ByteArrayConverter"/>
	<converter id="charArrayConverter" class="com.csii.pe.validation.convert.impl.CharacterArrayConverter"/>
	<converter id="doubleArrayConverter" class="com.csii.pe.validation.convert.impl.DoubleArrayConverter"/>
	<converter id="floatArrayConverter" class="com.csii.pe.validation.convert.impl.FloatArrayConverter"/>
	<converter id="intArrayConverter" class="com.csii.pe.validation.convert.impl.IntegerArrayConverter"/>
	<converter id="longArrayConverter" class="com.csii.pe.validation.convert.impl.LongArrayConverter"/>
	<converter id="shortArrayConverter" class="com.csii.pe.validation.convert.impl.ShortArrayConverter"/>
	<converter id="stringArrayConverter" class="com.csii.pe.validation.convert.impl.StringArrayConverter"/>


	<!-- ======================================== -->
	<!-- message sources and properties config.   -->
	<!-- ======================================== -->

	<messageSource>
		<param name="basenames">/config/dict</param>
		<param name="cacheSeconds">-1</param>
		<param name="fallbackToSystemLocale">true</param>
		<param name="defaultEncoding">GBK</param>
	</messageSource>
	
	<propertyConfigurer id="configPlaceHolder">
		<param name="locations">config/system.properties</param>
	</propertyConfigurer>

</config>